"Year","CO2_Concentration_RCP45","CO2_Concentration_RCP85"
1950,310.75,310.75
1951,311.1,311.1
1952,311.5,311.5
1953,311.925,311.925
1954,312.425,312.425
1955,313,313
1956,313.6,313.6
1957,314.225,314.225
1958,314.8475,314.8475
1959,315.5,315.5
1960,316.2725,316.2725
1961,317.075,317.075
1962,317.795,317.795
1963,318.3975,318.3975
1964,318.925,318.925
1965,319.6475,319.6475
1966,320.6475,320.6475
1967,321.605,321.605
1968,322.635,322.635
1969,323.9025,323.9025
1970,324.985,324.985
1971,325.855,325.855
1972,327.14,327.14
1973,328.6775,328.6775
1974,329.7425,329.7425
1975,330.585,330.585
1976,331.7475,331.7475
1977,333.2725,333.2725
1978,334.8475,334.8475
1979,336.525,336.525
1980,338.36,338.36
1981,339.7275,339.7275
1982,340.7925,340.7925
1983,342.1975,342.1975
1984,343.7825,343.7825
1985,345.2825,345.2825
1986,346.7975,346.7975
1987,348.645,348.645
1988,350.7375,350.7375
1989,352.4875,352.4875
1990,353.855,353.855
1991,355.0175,355.0175
1992,355.885,355.885
1993,356.7775,356.7775
1994,358.1275,358.1275
1995,359.8375,359.8375
1996,361.4625,361.4625
1997,363.155,363.155
1998,365.3225,365.3225
1999,367.3475,367.3475
2000,368.865,368.865
2001,370.4675,370.4675
2002,372.5225,372.5225
2003,374.76,374.76
2004,376.8125,376.8125
2005,378.8125,378.8125
2006,380.8275,380.8275
2007,382.7775,382.7775
2008,384.8,384.8
2009,386.9516,387.01226
2010,389.12785,389.32416
2011,391.27357,391.63801
2012,393.4211,394.00866
2013,395.58283,396.46384
2014,397.76408,399.00402
2015,399.96631,401.62793
2016,402.18432,404.32819
2017,404.41077,407.09588
2018,406.64292,409.92701
2019,408.8817,412.82151
2020,411.12868,415.78022
2021,413.37804,418.79629
2022,415.63944,421.86439
2023,417.93551,424.99469
2024,420.27395,428.19734
2025,422.65593,431.47473
2026,425.07983,434.82619
2027,427.53791,438.24456
2028,430.0206,441.7208
2029,432.5234,445.25085
2030,435.04594,448.83485
2031,437.58886,452.47359
2032,440.13137,456.177
2033,442.66419,459.96398
2034,445.20699,463.85181
2035,447.76978,467.85003
2036,450.35539,471.96047
2037,452.96337,476.18237
2038,455.58649,480.50799
2039,458.2152,484.92724
2040,460.84499,489.43545
2041,463.47549,494.03235
2042,466.09336,498.7297
2043,468.67807,503.52959
2044,471.23389,508.43266
2045,473.78031,513.45614
2046,476.32819,518.61062
2047,478.88085,523.90006
2048,481.43826,529.32418
2049,483.99308,534.8752
2050,486.53532,540.54279
2051,489.06035,546.32201
2052,491.53558,552.21189
2053,493.93186,558.2122
2054,496.24365,564.31311
2055,498.47436,570.51669
2056,500.64502,576.84343
2057,502.76788,583.30471
2058,504.84729,589.90539
2059,506.88408,596.64656
2060,508.87135,603.52045
2061,510.79905,610.5165
2062,512.64717,617.60526
2063,514.40151,624.76367
2064,516.06461,631.99471
2065,517.62854,639.29052
2066,519.09606,646.65274
2067,520.48828,654.09843
2068,521.81772,661.64491
2069,523.08871,669.30474
2070,524.30217,677.07762
2071,525.45089,684.95429
2072,526.50901,692.90196
2073,527.45707,700.89416
2074,528.29593,708.93159
2075,529.02718,717.01548
2076,529.64253,725.13597
2077,530.14419,733.30667
2078,530.55341,741.52368
2079,530.88313,749.80466
2080,531.13797,758.1823
2081,531.31935,766.64451
2082,531.48991,775.17446
2083,531.70213,783.75141
2084,531.94208,792.36578
2085,532.20472,801.0188
2086,532.48672,809.71464
2087,532.77553,818.42214
2088,533.06978,827.15719
2089,533.38792,835.95594
2090,533.74072,844.80471
2091,534.13086,853.72536
2092,534.55754,862.72597
2093,535.01142,871.7768
2094,535.47962,880.86435
2095,535.95487,889.98162
